RUN,AVG_TIME,FAILED
1,16336.609924460005,0
2,15549.078632000002,0
3,15771.376525900001,0
