RUN,AVG_TIME,FAILED
1,309.73852302000523,0
2,311.6506885000308,0
3,336.177379619985,0