RUN,AVG_TIME,FAILED
1,8432.654650480035,0
2,8432.41724877993,0
3,8272.648991599926,0
