RUN,AVG_LAT_MS,FAILED
1,356.4335750600276,0
2,349.3966879400159,0
3,353.28002449997257,0
