RUN,AVG_LAT_MS,FAILED
1,327.13437427992176,0
2,305.4518212999392,0
3,303.77339776001463,0
