RUN,AVG_LAT_MS,FAILED
1,296.36327632000757,0
2,302.3257857199951,0
3,299.84785074000683,0
