RUN,AVG_TIME,FAILED
1,309.73852302000523,0
2,311.6506885000308,0
3,336.177379619985,0
1,8432.654650480035,0
2,8432.41724877993,0
3,8272.648991599926,0
1,16336.609924460005,0
2,15549.078632000002,0
3,15771.376525900001,0
