PARAM,AVG_TIME,RUN,FAILED
50,376.5,1,0
50,340.5,2,0
50,326.7,3,0
50,449.79999999999995,1,0
50,437.8,2,0
50,443.2,3,0
50,7440.0,1,0
50,8385.199999999999,2,0
50,12858.599999999999,3,0
