PARAM,AVG_LAT_MS,RUN,FAILED
50,270.9,1,0
50,249.9,2,0
50,228.7,3,0
50,268.0,1,0
50,226.1,2,0
50,194.1,3,0
50,6260.799999999999,1,0
50,5776.5,2,0
50,6125.200000000001,3,0

