RUN,AVG_LAT_MS,FAILED
1,296.36327632000757,0
2,302.3257857199951,0
3,299.84785074000683,0
1,356.4335750600276,0
2,349.3966879400159,0
3,353.28002449997257,0
1,327.13437427992176,0
2,305.4518212999392,0
3,303.77339776001463,0
