PARAM,AVG_LAT_MS,RUN,FAILED
50,6260.799999999999,1,0
50,5776.5,2,0
50,6125.200000000001,3,0
