PARAM,AVG_TIME,RUN,FAILED
1,58.79017099994144,1,0
1,56.35445600000821,2,0
1,58.87093800004095,3,0
10,275.5733010999961,1,0
10,253.10599580000144,2,0
10,255.87649850001526,3,0
20,253.24196925000706,1,0
20,259.84374579998644,2,0
20,260.65441750000105,3,0
50,332.06955906000525,1,0
50,327.0366256999887,2,0
50,329.0919495199955,3,0
100,621.6352101899963,1,0
100,626.2740892199963,2,0
100,1507.057410500006,3,0
1000,5793.2598616840005,1,0
1000,5994.4702208989975,2,0
1000,6624.679374973998,3,0
