PARAM,AVG_TIME,RUN,FAILED
50,7440.0,1,0
50,8385.199999999999,2,0
50,12858.599999999999,3,0
